<?xml version="1.0" encoding="UTF-8"?>
<java version="1.4.0_01" class="java.beans.XMLDecoder">
  <object class="java.util.HashMap">

    <void method="put">
      <string>HDB</string>
      <object class="workbench.db.GetMetaDataSql">
        <void property="baseSql">
          <string>select definition from sys.triggers</string>
        </void>
        <void property="objectNameField">
          <string>trigger_name</string>
        </void>
        <void property="schemaField">
          <string>subject_table_schema</string>
        </void>
      </object>
    </void>

    <void method="put">
      <string>Teradata</string>
      <object class="workbench.db.GetMetaDataSql">
        <void property="baseSql">
          <string>select RequestText from DBC.Triggers</string>
        </void>
        <void property="objectNameField">
          <string>TriggerName</string>
        </void>
        <void property="schemaField">
          <string>DatabaseName</string>
        </void>
      </object>
    </void>

    <void method="put">
      <string>MonetDB</string>
      <object id="list_derby_trg" class="workbench.db.GetMetaDataSql">
        <void property="baseSql">
          <string>
            select "statement"
            from sys.triggers trg
            join sys.tables tbl on tbl.id = trg.table_id
            join sys.schemas sh on sh.id = tbl.schema_id
          </string>
        </void>
        <void property="objectNameField">
          <string>trg.name</string>
        </void>
        <void property="schemaField">
          <string>sh.name</string>
        </void>
      </object>
    </void>

    <void method="put">
      <string>SQLBase</string>
      <object class="workbench.db.GetMetaDataSql">
        <void property="baseSql">
          <string>select text FROM SYSADM.SYSTRIGGERS</string>
        </void>
        <void property="objectNameField">
          <string>name</string>
        </void>
        <void property="schemaField">
          <string>creator</string>
        </void>
      </object>
    </void>

    <void method="put">
      <string>NuoDB</string>
      <object id="db2_host_trg_source" class="workbench.db.GetMetaDataSql">
        <void property="baseSql">
          <string>
            select 'create trigger '||triggername||' for '||tablename||' '||
            case type_mask
            when 1 then 'BEFORE INSERT'
            when 2 then 'AFTER INSERT'
            when 4 then 'BEFORE UPDATE'
            when 8 then 'AFTER UPDATE'
            when 16 then 'BEFORE DELETE'
            when 32 then 'AFTER DELETE'
            end||' \nas\n'||trigger_text as trigger_source
            from system.triggers
          </string>
        </void>
        <void property="objectNameField">
          <string>triggername</string>
        </void>
        <void property="schemaField">
          <string>schema</string>
        </void>
      </object>
    </void>

    <!-- DB2 for z/OS identifies itself as DB2 -->
    <void method="put">
      <string>DB2</string>
      <object id="db2_host_trg_source" class="workbench.db.GetMetaDataSql">
        <void property="baseSql">
          <string>SELECT text FROM sysibm.systriggers</string>
        </void>
        <void property="objectNameField">
          <string>name</string>
        </void>
        <void property="schemaField">
          <string>schema</string>
        </void>
        <void property="useUpperCase">
          <boolean>true</boolean>
        </void>
      </object>
    </void>

    <void method="put">
      <string>DB2 UDB for AS/400</string>
      <object id="db2_as400_source" class="workbench.db.GetMetaDataSql">
        <void property="baseSql">
          <string>SELECT action_statement FROM qsys2.systriggers</string>
        </void>
        <void property="objectNameField">
          <string>trigger_name</string>
        </void>
        <void property="schemaField">
          <string>trigger_schema</string>
        </void>
        <void property="useUpperCase">
          <boolean>true</boolean>
        </void>
      </object>
    </void>

    <void method="put">
      <string>DB2/NT</string>
      <object id="db2_trg_source" class="workbench.db.GetMetaDataSql">
        <void property="baseSql">
          <string>SELECT text FROM syscat.triggers</string>
        </void>
        <void property="objectNameField">
          <string>trigname</string>
        </void>
        <void property="schemaField">
          <string>trigschema</string>
        </void>
        <void property="useUpperCase">
          <boolean>true</boolean>
        </void>
      </object>
    </void>

    <void method="put">
      <string>DB2/LINUX</string>
      <object idref="db2_trg_source"/>
    </void>

    <void method="put">
      <string>DB2/LINUXX8664</string>
      <object idref="db2_trg_source"/>
    </void>

    <void method="put">
      <string>DB2/NT64</string>
      <object idref="db2_trg_source"/>
    </void>

    <void method="put">
      <string>DB2/AIX64</string>
      <object idref="db2_trg_source"/>
    </void>

    <void method="put">
      <string>Oracle</string>
      <object id="ora_trg_source" class="workbench.db.GetMetaDataSql">
        <void property="baseSql">
          <string>SELECT 'CREATE OR REPLACE TRIGGER '|| description || decode(when_clause,NULL,'','WHEN ('|| when_clause ||')'||chr(10)), trigger_body FROM all_triggers</string>
        </void>
        <void property="objectNameField">
          <string>trigger_name</string>
        </void>
        <void property="schemaField">
          <string>owner</string>
        </void>
      </object>
    </void>

    <void method="put">
      <string>Oracle8</string>
      <object idref="ora_trg_source"/>
    </void>

    <void method="put">
      <!-- this is valid for SQL Server 2005 and later -->
      <string>Microsoft SQL Server</string>
      <object id="trg_src_mssql9" class="workbench.db.GetMetaDataSql">
        <void property="baseSql">
          <string>
            select definition
            from (
            select tr.name, sm.definition
            from sys.sql_modules sm with (nolock)
            join sys.triggers tr with (nolock) on tr.object_id = sm.object_id
            union all
            select tr.name collate database_default as name, sm.definition collate database_default as definition
            from sys.server_sql_modules sm with (nolock)
            join sys.server_triggers tr with (nolock) on tr.object_id = sm.object_id
            ) trg
          </string>
        </void>
        <void property="objectNameField">
          <string>name</string>
        </void>
      </object>
    </void>

    <void method="put">
      <string>Microsoft SQL Server-8</string>
      <object id="trg_src_mssql8" class="workbench.db.GetMetaDataSql">
        <void property="baseSql">
          <string>exec sp_helptext</string>
        </void>
        <void property="isProcedureCall">
          <boolean>true</boolean>
        </void>
        <void property="objectNameArgumentPos">
          <int>1</int>
        </void>
      </object>
    </void>

    <void method="put">
      <string>Microsoft SQL Server-7</string>
      <object idref="trg_src_mssql8"/>
    </void>

    <void method="put">
      <string>Microsoft SQL Server-6</string>
      <object idref="trg_src_mssql8"/>
    </void>

    <void method="put">
      <string>PostgreSQL</string>
      <object class="workbench.db.GetMetaDataSql">
        <void property="baseObjectNameField">
          <string>tbl.relname</string>
        </void>
        <void property="baseSql">
          <string>
            SELECT replace(replace(pg_get_triggerdef(trg.oid), ' ON ', chr(10)||'  ON '), ' EXECUTE ', chr(10)||'  EXECUTE ') || ';'
            FROM pg_trigger trg
            JOIN pg_class tbl on tbl.oid = trg.tgrelid
          </string>
        </void>
        <void property="objectNameField">
          <string>trg.tgname</string>
        </void>
      </object>
    </void>

    <void method="put">
      <string>MySQL</string>
      <object class="workbench.db.GetMetaDataSql">
        <void property="baseSql">
          <string>SELECT concat('CREATE TRIGGER ',trigger_name, ' ', action_timing, ' ', event_manipulation, '\n  ON ', event_object_table, '\n  FOR EACH ROW\n', action_statement)
            FROM information_schema.triggers</string>
        </void>
        <void property="baseObjectNameField">
          <string>event_object_table</string>
        </void>
        <void property="objectNameField">
          <string>trigger_name</string>
        </void>
        <void property="catalogField">
          <string>trigger_schema</string>
        </void>
      </object>
    </void>

    <void method="put">
      <string>H2</string>
      <object class="workbench.db.GetMetaDataSql">
        <void property="baseSql">
          <string>SELECT 'CREATE TRIGGER '||trigger_name||
            case before when 'true' then ' BEFORE ' else ' AFTER ' end||
            trigger_type||' ON '||table_name||char(10)||'  FOR EACH ROW CALL "'||java_class||'";'
            from information_schema.triggers
          </string>
        </void>
        <void property="objectNameField">
          <string>trigger_name</string>
        </void>
      </object>
    </void>

    <void method="put">
      <string>HSQL Database Engine-2</string>
      <object id="hsqldb20" class="workbench.db.GetMetaDataSql">
        <void property="baseSql">
          <string>SELECT 'CREATE TRIGGER '||trigger_name||'\n'||
            action_timing||' '||event_manipulation||' ON '||event_object_table||'\n'||
            case
            when action_reference_new_row is not null or action_reference_old_row is not null then
            '\nREFERENCING ' ||
            CASE when action_reference_old_row is not null then 'OLD ROW AS '|| action_reference_old_row || ' '
            else '' END ||
            CASE when action_reference_new_row is not null then 'NEW ROW AS '|| action_reference_new_row
            else '' end
            else ''
            end||
            case
            when action_reference_new_table is not null or action_reference_old_table is not null then
            '\nREFERENCING ' ||
            CASE when action_reference_old_table is not null then 'OLD TABLE AS '|| action_reference_old_table || ' '
            else '' END ||
            CASE when action_reference_new_table is not null then 'NEW TABLE AS '|| action_reference_new_table
            else '' end
            else ''
            end||'\n'||
            trim(case
            when action_orientation = 'ROW' then 'FOR EACH ROW '
            else 'FOR EACH STATEMENT '
            end)||
            case
            when action_condition is not null then ' WHEN ('||action_condition||')'
            else ''
            end||'\n'||
            trim(action_statement)
            FROM information_schema.triggers
          </string>
        </void>
        <void property="objectNameField">
          <string>trigger_name</string>
        </void>
      </object>
    </void>

    <void method="put">
      <string>HSQL Database Engine-1.8</string>
      <object class="workbench.db.GetMetaDataSql">
        <void property="baseSql">
          <string>SELECT description FROM information_schema.system_triggers</string>
        </void>
        <void property="objectNameField">
          <string>trigger_name</string>
        </void>
      </object>
    </void>

    <void method="put">
      <string>FirstSQL/J</string>
      <object class="workbench.db.GetMetaDataSql">
        <void property="baseSql">
          <string>SELECT 'CREATE TRIGGER ON '||table_name||'\n'||mode||' '||command||'\nWITH '||class_name||'.'||class_method||';\n\n'
            from definition_schema.systriggers
          </string>
        </void>
        <void property="objectNameField">
          <string>class_name||'.'||class_method</string>
        </void>
      </object>
    </void>

    <void method="put">
      <string>Adaptive Server Enterprise</string>
      <object id="ase_trg_source" class="workbench.db.GetMetaDataSql">
        <void property="baseSql">
          <string>select syscomments.text
            from sysobjects, syscomments
            where sysobjects.id = syscomments.id
            and  sysobjects.type = &apos;TR&apos;</string>
        </void>
        <void property="objectNameField">
          <string>sysobjects.name</string>
        </void>
        <void property="orderBy">
          <string> order by syscomments.colid</string>
        </void>
      </object>
    </void>

    <void method="put">
      <string>Adaptive Server Anywhere</string>
      <object idref="ase_trg_source"/>
    </void>

    <void method="put">
      <string>SQL Anywhere</string>
      <object idref="ase_trg_source"/>
    </void>

    <void method="put">
      <string>Firebird</string>
      <object class="workbench.db.GetMetaDataSql">
        <void property="baseSql">
          <string>
            select 'CREATE TRIGGER '||trim(rdb$trigger_name)||case when rdb$relation_name is not null then '\n  FOR '||rdb$relation_name||'\n  ' else '\n' end||
            case
            when rdb$relation_name is null then trim(case when mod(rdb$trigger_type, 2) = 1 then 'AFTER' else 'BEFORE' END)
            else trim(case when mod(rdb$trigger_type, 2) = 0 then 'AFTER' else 'BEFORE' END)
            end||' '||
            trim(case when rdb$relation_name is null then 'DDL'
            else
            case bin_and(rdb$trigger_type + 1, 254)
            when  2 then 'INSERT'
            when  4 THEN 'UPDATE'
            when  6 then 'DELETE'
            when  18 then 'INSERT OR UPDATE'
            when  26 then 'INSERT OR DELETE'
            when  12 then 'UPDATE OR INSERT'
            when  28 then 'UPDATE OR DELETE'
            when  14 then 'DELETE OR INSERT'
            when  22 then 'DELETE OR UPDATE'
            when  114 then 'INSERT OR UPDATE OR DELETE'
            when  60 then 'UPDATE OR DELETE OR INSERT'
            when  78 then 'DELETE OR INSERT OR UPDATE'
            else ''
            end
            end)||' \n'||rdb$trigger_source
            FROM rdb$triggers
            WHERE rdb$system_flag = 0
          </string>
        </void>
        <void property="objectNameField">
          <string>rdb$trigger_name</string>
        </void>
        <void property="useUpperCase">
          <boolean>true</boolean>
        </void>
        <void property="schemaField">
          <string>RDB$OWNER_NAME</string>
        </void>
      </object>
    </void>

    <void method="put">
      <string>Apache Derby</string>
      <object id="id_derby_trg" class="workbench.db.GetMetaDataSql">
        <void property="baseSql">
          <string>
            SELECT 'CREATE TRIGGER ' || trg.triggername || '\n  '
            || case when trg.type ='A' then 'AFTER'
            else 'BEFORE' end
            || ' '
            || case when trg.event = 'D' then 'DELETE'
            else case when trg.event = 'I' then 'INSERT'
            else case when trg.event = 'U' THEN 'UPDATE' end
            end
            end
            || case when trg.referencedcolumns is not null then ' OF ' || trg.referencedcolumns else '' end
            || ' ON ' || t.tablename || '\n'
            || case when trg.referencingnew = 'true' then '  REFERENCING NEW AS ' || trg.newreferencingname
            when trg.referencingold = 'true' then '  REFERENCING OLD AS ' || trg.oldreferencingname
            when trg.referencingold = 'false' AND trg.referencingnew = 'false' THEN ''
            end
            || '\n'
            || case when trg.type = 'S' then '  FOR EACH STATEMENT '
            else '  FOR EACH ROW' end
            || '\n'
            || trg.triggerdefinition
            from sys.systriggers trg
            join sys.systables t on trg.tableid = t.tableid
            join sys.sysschemas s on t.schemaid = s.schemaid
          </string>
        </void>
        <void property="objectNameField">
          <string>trg.triggername</string>
        </void>
        <void property="useUpperCase">
          <boolean>true</boolean>
        </void>
        <void property="schemaField">
          <string>s.schemaname</string>
        </void>
      </object>
    </void>

    <void method="put">
      <string>Cloudscape</string>
      <object idref="id_derby_trg"/>
    </void>

    <void method="put">
      <string>Informix Dynamic Server</string>
      <object id="list_informix_trg" class="workbench.db.GetMetaDataSql">
        <void property="baseSql">
          <string>
            select data
            FROM
            (
            SELECT b.data||'\n' as data, -1 as seqno, t.trigname
            FROM informix.systriggers t, informix.systrigbody b
            WHERE t.trigid=b.trigid
            AND b.datakey = 'D'
            union all
            SELECT b.data||'\n' as data, b.seqno, t.trigname
            FROM informix.systriggers t, informix.systrigbody b
            WHERE t.trigid=b.trigid
            AND b.datakey = 'A'
            )
          </string>
        </void>
        <void property="objectNameField">
          <string>trigname</string>
        </void>
        <void property="orderBy">
          <string>ORDER BY seqno</string>
        </void>
      </object>
    </void>

    <void method="put">
      <string>INGRES</string>
      <object class="workbench.db.GetMetaDataSql">
        <void property="baseSql">
          <string>select text_segment from iirules</string>
        </void>
        <void property="objectNameField">
          <string>rule_name</string>
        </void>
        <void property="schemaField">
          <string>rule_owner</string>
        </void>
        <void property="orderBy">
          <string>order by text_sequence</string>
        </void>
        <void property="useUpperCase">
          <boolean>false</boolean>
        </void>
      </object>
    </void>

    <void method="put">
      <string>CUBRID</string>
      <object class="workbench.db.GetMetaDataSql">
        <void property="baseSql">
          <string>
            select 'CREATE TRIGGER '||trigger_name||'\n'||
            '   '||trigger_type||' '||trigger_event||' ON '||table_name||'\n'||
            '   IF '||condition||'\n'
            'EXECUTE '||
            case
            when action_type = 1 then
            case when trigger_event in (1,2) then 'UPDATE'
            when trigger_event in (2,3) then 'DELETE'
            when trigger_event in (4,5) then 'INSERT'
            else ''
            end
            when action_type = 2 then 'REJECT'
            when action_type = 3 then 'INVALIDATE_TRANSACTION'
            when action_type = 4 then 'PRINT'
            else ''
            end
            from (
            select trg.trigger_name,
            case
            when trg.action_time = 1 then 'BEFORE'
            when trg.action_time = 2 then 'AFTER'
            else 'DEFERRED'
            end as trigger_type,
            case
            when tdef.event = 0 then 'UPDATE'
            when tdef.event = 1 then 'UPDATE STATEMENT'
            when tdef.event = 2 then 'DELETE'
            when tdef.event = 3 then 'DELETE STATEMENT'
            when tdef.event = 4 then 'INSERT'
            when tdef.event = 5 then 'INSERT STATEMENT'
            when tdef.event = 8 then 'COMMIT'
            when tdef.event = 9 then 'ROLLBACK'
            else 'unknown'
            end as trigger_event,
            trg.target_class_name as table_name,
            null as remarks,
            case
            when tdef.status = 1 then 'INACTIVE'
            else 'ACTIVE'
            end as status,
            tdef.condition,
            tdef.action_type
            from db_trig trg
            join db_trigger tdef on tdef.name = trg.trigger_name
            join db_class t on trg.target_class_name = t.class_name
            ) t
          </string>
        </void>
        <void property="objectNameField">
          <string>trigger_name</string>
        </void>
      </object>
    </void>

  </object>
</java>
